-- phpMyAdmin SQL Dump
-- version 5.0.4
-- https://www.phpmyadmin.net/
--
-- Host: 127.0.0.1
-- Generation Time: Apr 06, 2021 at 12:05 AM
-- Server version: 10.4.17-MariaDB
-- PHP Version: 8.0.0

SET SQL_MODE = "NO_AUTO_VALUE_ON_ZERO";
START TRANSACTION;
SET time_zone = "+00:00";


/*!40101 SET @OLD_CHARACTER_SET_CLIENT=@@CHARACTER_SET_CLIENT */;
/*!40101 SET @OLD_CHARACTER_SET_RESULTS=@@CHARACTER_SET_RESULTS */;
/*!40101 SET @OLD_COLLATION_CONNECTION=@@COLLATION_CONNECTION */;
/*!40101 SET NAMES utf8mb4 */;

--
-- Database: `phpmotors`
--
CREATE DATABASE IF NOT EXISTS `phpmotors` DEFAULT CHARACTER SET utf8mb4 COLLATE utf8mb4_general_ci;
USE `phpmotors`;

-- --------------------------------------------------------

--
-- Table structure for table `carclassification`
--

CREATE TABLE `carclassification` (
  `classificationId` int(11) NOT NULL,
  `classificationName` varchar(30) NOT NULL
) ENGINE=InnoDB DEFAULT CHARSET=latin1;

--
-- Dumping data for table `carclassification`
--

INSERT INTO `carclassification` (`classificationId`, `classificationName`) VALUES
(1, 'SUV'),
(2, 'Classic'),
(3, 'Sports'),
(4, 'Trucks'),
(5, 'Used');

-- --------------------------------------------------------

--
-- Table structure for table `clients`
--

CREATE TABLE `clients` (
  `clientId` int(10) UNSIGNED NOT NULL,
  `clientFirstname` varchar(15) NOT NULL,
  `clientLastname` varchar(25) NOT NULL,
  `clientEmail` varchar(40) NOT NULL,
  `clientPassword` varchar(255) NOT NULL,
  `clientLevel` enum('1','2','3') NOT NULL DEFAULT '1',
  `comment` text DEFAULT NULL
) ENGINE=InnoDB DEFAULT CHARSET=latin1;

--
-- Dumping data for table `clients`
--

INSERT INTO `clients` (`clientId`, `clientFirstname`, `clientLastname`, `clientEmail`, `clientPassword`, `clientLevel`, `comment`) VALUES
(21, 'James', 'England', 'jamesengland22@gmail.com', '$2y$10$9aqj9gPflCnIOQ7hkupL0uAWCYqoIWV6Qmn2YAkrtKk7J/.TT9sLm', '1', NULL),
(22, 'Admin', 'User', 'admin@cse340.net', '$2y$10$6WcoOUiuGNyOdb.LN.wKqub6EIX1.VYuZ9DEFoUkQAdPM0Lb0/5EW', '3', NULL);

-- --------------------------------------------------------

--
-- Table structure for table `images`
--

CREATE TABLE `images` (
  `imgId` int(10) UNSIGNED NOT NULL,
  `invId` int(11) UNSIGNED NOT NULL,
  `imgName` varchar(100) CHARACTER SET latin1 NOT NULL,
  `imgPath` varchar(150) CHARACTER SET latin1 NOT NULL,
  `imgDate` timestamp NOT NULL DEFAULT current_timestamp(),
  `imgPrimary` tinyint(1) NOT NULL DEFAULT 0
) ENGINE=InnoDB DEFAULT CHARSET=utf8mb4;

--
-- Dumping data for table `images`
--

INSERT INTO `images` (`imgId`, `invId`, `imgName`, `imgPath`, `imgDate`, `imgPrimary`) VALUES
(35, 1, 'wrangler.jpg', '/phpmotors/images/vehicles/wrangler.jpg', '2021-03-18 21:59:56', 1),
(36, 1, 'wrangler-tn.jpg', '/phpmotors/images/vehicles/wrangler-tn.jpg', '2021-03-18 21:59:56', 1),
(37, 2, 'model-t.jpg', '/phpmotors/images/vehicles/model-t.jpg', '2021-03-18 22:00:41', 1),
(38, 2, 'model-t-tn.jpg', '/phpmotors/images/vehicles/model-t-tn.jpg', '2021-03-18 22:00:41', 1),
(39, 3, 'adventador.jpg', '/phpmotors/images/vehicles/adventador.jpg', '2021-03-18 22:01:03', 1),
(40, 3, 'adventador-tn.jpg', '/phpmotors/images/vehicles/adventador-tn.jpg', '2021-03-18 22:01:03', 1),
(41, 4, 'monster-truck.jpg', '/phpmotors/images/vehicles/monster-truck.jpg', '2021-03-18 22:01:35', 1),
(42, 4, 'monster-truck-tn.jpg', '/phpmotors/images/vehicles/monster-truck-tn.jpg', '2021-03-18 22:01:36', 1),
(43, 5, 'mechanic.jpg', '/phpmotors/images/vehicles/mechanic.jpg', '2021-03-18 22:01:48', 1),
(44, 5, 'mechanic-tn.jpg', '/phpmotors/images/vehicles/mechanic-tn.jpg', '2021-03-18 22:01:49', 1),
(45, 6, 'batmobile.jpg', '/phpmotors/images/vehicles/batmobile.jpg', '2021-03-18 22:02:21', 1),
(46, 6, 'batmobile-tn.jpg', '/phpmotors/images/vehicles/batmobile-tn.jpg', '2021-03-18 22:02:21', 1),
(47, 7, 'mystery-van.jpg', '/phpmotors/images/vehicles/mystery-van.jpg', '2021-03-18 22:02:55', 1),
(48, 7, 'mystery-van-tn.jpg', '/phpmotors/images/vehicles/mystery-van-tn.jpg', '2021-03-18 22:02:55', 1),
(49, 8, 'fire-truck.jpg', '/phpmotors/images/vehicles/fire-truck.jpg', '2021-03-18 22:03:04', 1),
(50, 8, 'fire-truck-tn.jpg', '/phpmotors/images/vehicles/fire-truck-tn.jpg', '2021-03-18 22:03:04', 1),
(51, 9, 'crwn-vic.jpg', '/phpmotors/images/vehicles/crwn-vic.jpg', '2021-03-18 22:03:21', 1),
(52, 9, 'crwn-vic-tn.jpg', '/phpmotors/images/vehicles/crwn-vic-tn.jpg', '2021-03-18 22:03:21', 1),
(53, 10, 'camaro.jpg', '/phpmotors/images/vehicles/camaro.jpg', '2021-03-18 22:03:30', 1),
(54, 10, 'camaro-tn.jpg', '/phpmotors/images/vehicles/camaro-tn.jpg', '2021-03-18 22:03:30', 1),
(55, 11, 'escalade.jpg', '/phpmotors/images/vehicles/escalade.jpg', '2021-03-18 22:03:47', 1),
(56, 11, 'escalade-tn.jpg', '/phpmotors/images/vehicles/escalade-tn.jpg', '2021-03-18 22:03:47', 1),
(57, 12, 'hummer.jpg', '/phpmotors/images/vehicles/hummer.jpg', '2021-03-18 22:05:54', 1),
(58, 12, 'hummer-tn.jpg', '/phpmotors/images/vehicles/hummer-tn.jpg', '2021-03-18 22:05:54', 1),
(59, 13, 'aerocar.jpg', '/phpmotors/images/vehicles/aerocar.jpg', '2021-03-18 22:06:02', 1),
(60, 13, 'aerocar-tn.jpg', '/phpmotors/images/vehicles/aerocar-tn.jpg', '2021-03-18 22:06:02', 1),
(61, 14, 'van.jpg', '/phpmotors/images/vehicles/van.jpg', '2021-03-18 22:06:11', 1),
(62, 14, 'van-tn.jpg', '/phpmotors/images/vehicles/van-tn.jpg', '2021-03-18 22:06:11', 1),
(63, 15, 'no-image.png', '/phpmotors/images/vehicles/no-image.png', '2021-03-18 22:06:19', 1),
(64, 15, 'no-image-tn.png', '/phpmotors/images/vehicles/no-image-tn.png', '2021-03-18 22:06:19', 1),
(65, 21, 'testCar-550x412.jpg', '/phpmotors/images/vehicles/testCar-550x412.jpg', '2021-03-18 22:06:27', 1),
(66, 21, 'testCar-550x412-tn.jpg', '/phpmotors/images/vehicles/testCar-550x412-tn.jpg', '2021-03-18 22:06:27', 1),
(67, 23, 'delorean.jpg', '/phpmotors/images/vehicles/delorean.jpg', '2021-03-18 22:06:36', 1),
(68, 23, 'delorean-tn.jpg', '/phpmotors/images/vehicles/delorean-tn.jpg', '2021-03-18 22:06:36', 1),
(69, 1, 'wrangler2.jpg', '/phpmotors/images/vehicles/wrangler2.jpg', '2021-03-18 23:07:40', 0),
(70, 1, 'wrangler2-tn.jpg', '/phpmotors/images/vehicles/wrangler2-tn.jpg', '2021-03-18 23:07:40', 0),
(71, 10, 'chevy_camaro2019_grey.jpg', '/phpmotors/images/vehicles/chevy_camaro2019_grey.jpg', '2021-03-18 23:23:27', 0),
(72, 10, 'chevy_camaro2019_grey-tn.jpg', '/phpmotors/images/vehicles/chevy_camaro2019_grey-tn.jpg', '2021-03-18 23:23:27', 0),
(73, 14, 'van2.jpg', '/phpmotors/images/vehicles/van2.jpg', '2021-03-18 23:23:54', 0),
(74, 14, 'van2-tn.jpg', '/phpmotors/images/vehicles/van2-tn.jpg', '2021-03-18 23:23:54', 0);

-- --------------------------------------------------------

--
-- Table structure for table `inventory`
--

CREATE TABLE `inventory` (
  `invId` int(11) UNSIGNED NOT NULL,
  `invMake` varchar(30) NOT NULL,
  `invModel` varchar(30) NOT NULL,
  `invDescription` text DEFAULT NULL,
  `invImage` varchar(50) NOT NULL,
  `invThumbnail` varchar(50) NOT NULL,
  `invPrice` decimal(10,2) NOT NULL,
  `invStock` smallint(6) NOT NULL,
  `invColor` varchar(20) NOT NULL,
  `classificationId` int(11) NOT NULL
) ENGINE=InnoDB DEFAULT CHARSET=latin1;

--
-- Dumping data for table `inventory`
--

INSERT INTO `inventory` (`invId`, `invMake`, `invModel`, `invDescription`, `invImage`, `invThumbnail`, `invPrice`, `invStock`, `invColor`, `classificationId`) VALUES
(1, 'Jeep ', 'Wrangler', 'The Jeep Wrangler is small and compact with enough power to get you where you want to go. Its great for everyday driving as well as offroading weather that be on the the rocks or in the mud!', '/phpmotors/images/vehicles/wrangler.jpg', '/phpmotors/images/vehicles/wrangler-tn.jpg', '28045.00', 4, 'Orange', 1),
(2, 'Ford', 'Model T', '        The Ford Model T can be a bit tricky to drive. It was the first car to be put into production. You can get it in any color you want as long as it&#39;s black.', '/phpmotors/images/vehicles/model-t.jpg', '/phpmotors/images/vehicles/model-t-tn.jpg', '30000.00', 5, 'Black', 2),
(3, 'Lamborghini', 'Adventador', 'This V-12 engine packs a punch in this sporty car. Make sure you wear your seatbelt and obey all traffic laws. ', '/phpmotors/images/vehicles/adventador.jpg', '/phpmotors/images/vehicles/adventador-tn.jpg', '417650.00', 1, 'Blue', 3),
(4, 'Monster', 'Truck', 'Most trucks are for working, this one is for fun. this beast comes with 60in tires giving you tracktions needed to jump and roll in the mud.', '/phpmotors/images/vehicles/monster-truck.jpg', '/phpmotors/images/vehicles/monster-truck-tn.jpg', '150000.00', 3, 'purple', 4),
(5, 'Mechanic', 'Special', 'Not sure where this car came from. however with a little tlc it will run as good a new.', '/phpmotors/images/vehicles/no-image.png', '/phpmotors/images/vehicles/no-image-tn.png', '100.00', 200, 'Rust', 5),
(6, 'Batmobile', 'Custom', 'Ever want to be a super hero? now you can with the batmobile. This car allows you to switch to bike mode allowing you to easily maneuver through trafic during rush hour.', '/phpmotors/images/vehicles/batmobile.jpg', '/phpmotors/images/vehicles/batmobile-tn.jpg', '65000.00', 2, 'Black', 3),
(7, 'Mystery', 'Machine', 'Scooby and the gang always found luck in solving their mysteries because of there 4 wheel drive Mystery Machine. This Van will help you do whatever job you are required to with a success rate of 100%.', '/phpmotors/images/vehicles/mystery-van.jpg', '/phpmotors/images/vehicles/mystery-van-tn.jpg', '10000.00', 12, 'Green', 1),
(8, 'Spartan', 'Fire Truck', 'Emergencies happen often. Be prepared with this Spartan fire truck. Comes complete with 1000 ft. of hose and a 1000 gallon tank.', '/phpmotors/images/vehicles/fire-truck.jpg', '/phpmotors/images/vehicles/fire-truck-tn.jpg', '50000.00', 2, 'Red', 4),
(9, 'Ford', 'Crown Victoria', 'After the police force updated their fleet these cars are now available to the public! These cars come equiped with the siren which is convenient for college students running late to class.', '/phpmotors/images/vehicles/crwn-vic.jpg', '/phpmotors/images/vehicles/crwn-vic-tn.jpg', '10000.00', 5, 'White', 5),
(10, 'Chevy', 'Camaro', 'If you want to look cool this is the ar you need! This car has great performance at an affordable price. Own it today!', '/phpmotors/images/vehicles/camaro.jpg', '/phpmotors/images/vehicles/camaro-tn.jpg', '25000.00', 10, 'Silver', 3),
(11, 'Cadilac', 'Escalade', 'This stylin car is great for any occasion from going to the beach to meeting the president. The luxurious inside makes this car a home away from home.', '/phpmotors/images/vehicles/escalade.jpg', '/phpmotors/images/vehicles/escalade-tn.jpg', '75195.00', 4, 'Black', 1),
(12, 'GM', 'Hummer', 'Do you have 6 kids and like to go offroading? The Hummer gives you the small interiors with an engine to get you out of any muddy or rocky situation.', '/phpmotors/images/vehicles/hummer.jpg', '/phpmotors/images/vehicles/hummer-tn.jpg', '58800.00', 5, 'Yellow', 5),
(13, 'Aerocar International', 'Aerocar', 'Are you sick of rushhour trafic? This car converts into an airplane to get you where you are going fast. Only 6 of these were made, get them while they last!', '/phpmotors/images/vehicles/aerocar.jpg', '/phpmotors/images/vehicles/aerocar-tn.jpg', '1000000.00', 6, 'Red', 2),
(14, 'FBI', 'Survalence Van', 'do you like police shows? You\'ll feel right at home driving this van, come complete with survalence equipments for and extra fee of $2,000 a month. ', '/phpmotors/images/vehicles/van.jpg', '/phpmotors/images/vehicles/van-tn.jpg', '20000.00', 1, 'Green', 1),
(15, 'Dog ', 'Car', 'Do you like dogs? Well this car is for you straight from the 90s from Aspen, Colorado we have the orginal Dog Car complete with fluffy ears.  ', '/phpmotors/images/vehicles/no-image.png', '/phpmotors/images/vehicles/no-image-tn.png', '35000.00', 1, 'Brown', 2),
(21, 'Test', 'Model', '    fast', '/phpmotors/images/vehicles/no-image.png', '/phpmotors/images/vehicles/no-image-tn.png', '0.00', 15, 'Pink', 3),
(23, 'DMC', 'DeLorean', '        Get the speed high enough and you might be in for a suprise', '/phpmotors/images/vehicles/delorean.jpg', '/phpmotors/images/vehicles/delorean-tn.jpg', '35688.00', 1, 'silver', 2);

-- --------------------------------------------------------

--
-- Table structure for table `reviews`
--

CREATE TABLE `reviews` (
  `reviewId` int(10) UNSIGNED NOT NULL,
  `reviewtext` text CHARACTER SET latin1 NOT NULL,
  `reviewDate` timestamp NOT NULL DEFAULT current_timestamp(),
  `invId` int(10) UNSIGNED NOT NULL,
  `clientId` int(10) UNSIGNED NOT NULL
) ENGINE=InnoDB DEFAULT CHARSET=utf8mb4;

--
-- Dumping data for table `reviews`
--

INSERT INTO `reviews` (`reviewId`, `reviewtext`, `reviewDate`, `invId`, `clientId`) VALUES
(2, 'better then my first car! hopefully the next will be better than this one.', '2021-03-31 05:12:12', 21, 21),
(5, ' Could be faster but pretty good', '2021-03-31 23:25:57', 3, 22),
(6, '    Not as fast as i&#39;d like    ', '2021-03-31 23:26:44', 3, 22),
(7, 'Fastest car ever', '2021-03-31 23:28:15', 3, 22),
(8, 'Nice paint job', '2021-03-31 23:29:04', 3, 22),
(9, 'Pretty cool car to time travel in', '2021-04-02 22:58:13', 23, 22),
(10, 'Seems to have some extras built in', '2021-04-02 23:26:23', 23, 22),
(11, 'Sweet Ride', '2021-04-02 23:48:40', 6, 22),
(12, 'Goes really fast', '2021-04-02 23:48:49', 6, 22),
(13, 'Great car', '2021-04-03 00:47:48', 10, 22);

--
-- Indexes for dumped tables
--

--
-- Indexes for table `carclassification`
--
ALTER TABLE `carclassification`
  ADD PRIMARY KEY (`classificationId`);

--
-- Indexes for table `clients`
--
ALTER TABLE `clients`
  ADD PRIMARY KEY (`clientId`);

--
-- Indexes for table `images`
--
ALTER TABLE `images`
  ADD PRIMARY KEY (`imgId`),
  ADD KEY `foreign` (`invId`) USING BTREE;

--
-- Indexes for table `inventory`
--
ALTER TABLE `inventory`
  ADD PRIMARY KEY (`invId`),
  ADD KEY `classificationId` (`classificationId`);

--
-- Indexes for table `reviews`
--
ALTER TABLE `reviews`
  ADD PRIMARY KEY (`reviewId`),
  ADD KEY `invId` (`invId`),
  ADD KEY `clientId` (`clientId`);

--
-- AUTO_INCREMENT for dumped tables
--

--
-- AUTO_INCREMENT for table `carclassification`
--
ALTER TABLE `carclassification`
  MODIFY `classificationId` int(11) NOT NULL AUTO_INCREMENT, AUTO_INCREMENT=25;

--
-- AUTO_INCREMENT for table `clients`
--
ALTER TABLE `clients`
  MODIFY `clientId` int(10) UNSIGNED NOT NULL AUTO_INCREMENT, AUTO_INCREMENT=23;

--
-- AUTO_INCREMENT for table `images`
--
ALTER TABLE `images`
  MODIFY `imgId` int(10) UNSIGNED NOT NULL AUTO_INCREMENT, AUTO_INCREMENT=75;

--
-- AUTO_INCREMENT for table `inventory`
--
ALTER TABLE `inventory`
  MODIFY `invId` int(11) UNSIGNED NOT NULL AUTO_INCREMENT, AUTO_INCREMENT=24;

--
-- AUTO_INCREMENT for table `reviews`
--
ALTER TABLE `reviews`
  MODIFY `reviewId` int(10) UNSIGNED NOT NULL AUTO_INCREMENT, AUTO_INCREMENT=14;

--
-- Constraints for dumped tables
--

--
-- Constraints for table `images`
--
ALTER TABLE `images`
  ADD CONSTRAINT `FK_inv_images` FOREIGN KEY (`invId`) REFERENCES `inventory` (`invId`) ON DELETE CASCADE ON UPDATE CASCADE;

--
-- Constraints for table `inventory`
--
ALTER TABLE `inventory`
  ADD CONSTRAINT `inventory_ibfk_1` FOREIGN KEY (`classificationId`) REFERENCES `carclassification` (`classificationId`);

--
-- Constraints for table `reviews`
--
ALTER TABLE `reviews`
  ADD CONSTRAINT `FK_reviews_clients` FOREIGN KEY (`clientId`) REFERENCES `clients` (`clientId`) ON DELETE CASCADE ON UPDATE CASCADE,
  ADD CONSTRAINT `FK_reviews_inventory` FOREIGN KEY (`invId`) REFERENCES `inventory` (`invId`) ON DELETE CASCADE ON UPDATE CASCADE;
--
-- Database: `phpmyadmin`
--
CREATE DATABASE IF NOT EXISTS `phpmyadmin` DEFAULT CHARACTER SET utf8 COLLATE utf8_bin;
USE `phpmyadmin`;

-- --------------------------------------------------------

--
-- Table structure for table `pma__bookmark`
--

CREATE TABLE `pma__bookmark` (
  `id` int(10) UNSIGNED NOT NULL,
  `dbase` varchar(255) COLLATE utf8_bin NOT NULL DEFAULT '',
  `user` varchar(255) COLLATE utf8_bin NOT NULL DEFAULT '',
  `label` varchar(255) CHARACTER SET utf8 NOT NULL DEFAULT '',
  `query` text COLLATE utf8_bin NOT NULL
) ENGINE=InnoDB DEFAULT CHARSET=utf8 COLLATE=utf8_bin COMMENT='Bookmarks';

-- --------------------------------------------------------

--
-- Table structure for table `pma__central_columns`
--

CREATE TABLE `pma__central_columns` (
  `db_name` varchar(64) COLLATE utf8_bin NOT NULL,
  `col_name` varchar(64) COLLATE utf8_bin NOT NULL,
  `col_type` varchar(64) COLLATE utf8_bin NOT NULL,
  `col_length` text COLLATE utf8_bin DEFAULT NULL,
  `col_collation` varchar(64) COLLATE utf8_bin NOT NULL,
  `col_isNull` tinyint(1) NOT NULL,
  `col_extra` varchar(255) COLLATE utf8_bin DEFAULT '',
  `col_default` text COLLATE utf8_bin DEFAULT NULL
) ENGINE=InnoDB DEFAULT CHARSET=utf8 COLLATE=utf8_bin COMMENT='Central list of columns';

-- --------------------------------------------------------

--
-- Table structure for table `pma__column_info`
--

CREATE TABLE `pma__column_info` (
  `id` int(5) UNSIGNED NOT NULL,
  `db_name` varchar(64) COLLATE utf8_bin NOT NULL DEFAULT '',
  `table_name` varchar(64) COLLATE utf8_bin NOT NULL DEFAULT '',
  `column_name` varchar(64) COLLATE utf8_bin NOT NULL DEFAULT '',
  `comment` varchar(255) CHARACTER SET utf8 NOT NULL DEFAULT '',
  `mimetype` varchar(255) CHARACTER SET utf8 NOT NULL DEFAULT '',
  `transformation` varchar(255) COLLATE utf8_bin NOT NULL DEFAULT '',
  `transformation_options` varchar(255) COLLATE utf8_bin NOT NULL DEFAULT '',
  `input_transformation` varchar(255) COLLATE utf8_bin NOT NULL DEFAULT '',
  `input_transformation_options` varchar(255) COLLATE utf8_bin NOT NULL DEFAULT ''
) ENGINE=InnoDB DEFAULT CHARSET=utf8 COLLATE=utf8_bin COMMENT='Column information for phpMyAdmin';

-- --------------------------------------------------------

--
-- Table structure for table `pma__designer_settings`
--

CREATE TABLE `pma__designer_settings` (
  `username` varchar(64) COLLATE utf8_bin NOT NULL,
  `settings_data` text COLLATE utf8_bin NOT NULL
) ENGINE=InnoDB DEFAULT CHARSET=utf8 COLLATE=utf8_bin COMMENT='Settings related to Designer';

-- --------------------------------------------------------

--
-- Table structure for table `pma__export_templates`
--

CREATE TABLE `pma__export_templates` (
  `id` int(5) UNSIGNED NOT NULL,
  `username` varchar(64) COLLATE utf8_bin NOT NULL,
  `export_type` varchar(10) COLLATE utf8_bin NOT NULL,
  `template_name` varchar(64) COLLATE utf8_bin NOT NULL,
  `template_data` text COLLATE utf8_bin NOT NULL
) ENGINE=InnoDB DEFAULT CHARSET=utf8 COLLATE=utf8_bin COMMENT='Saved export templates';

-- --------------------------------------------------------

--
-- Table structure for table `pma__favorite`
--

CREATE TABLE `pma__favorite` (
  `username` varchar(64) COLLATE utf8_bin NOT NULL,
  `tables` text COLLATE utf8_bin NOT NULL
) ENGINE=InnoDB DEFAULT CHARSET=utf8 COLLATE=utf8_bin COMMENT='Favorite tables';

-- --------------------------------------------------------

--
-- Table structure for table `pma__history`
--

CREATE TABLE `pma__history` (
  `id` bigint(20) UNSIGNED NOT NULL,
  `username` varchar(64) COLLATE utf8_bin NOT NULL DEFAULT '',
  `db` varchar(64) COLLATE utf8_bin NOT NULL DEFAULT '',
  `table` varchar(64) COLLATE utf8_bin NOT NULL DEFAULT '',
  `timevalue` timestamp NOT NULL DEFAULT current_timestamp(),
  `sqlquery` text COLLATE utf8_bin NOT NULL
) ENGINE=InnoDB DEFAULT CHARSET=utf8 COLLATE=utf8_bin COMMENT='SQL history for phpMyAdmin';

-- --------------------------------------------------------

--
-- Table structure for table `pma__navigationhiding`
--

CREATE TABLE `pma__navigationhiding` (
  `username` varchar(64) COLLATE utf8_bin NOT NULL,
  `item_name` varchar(64) COLLATE utf8_bin NOT NULL,
  `item_type` varchar(64) COLLATE utf8_bin NOT NULL,
  `db_name` varchar(64) COLLATE utf8_bin NOT NULL,
  `table_name` varchar(64) COLLATE utf8_bin NOT NULL
) ENGINE=InnoDB DEFAULT CHARSET=utf8 COLLATE=utf8_bin COMMENT='Hidden items of navigation tree';

-- --------------------------------------------------------

--
-- Table structure for table `pma__pdf_pages`
--

CREATE TABLE `pma__pdf_pages` (
  `db_name` varchar(64) COLLATE utf8_bin NOT NULL DEFAULT '',
  `page_nr` int(10) UNSIGNED NOT NULL,
  `page_descr` varchar(50) CHARACTER SET utf8 NOT NULL DEFAULT ''
) ENGINE=InnoDB DEFAULT CHARSET=utf8 COLLATE=utf8_bin COMMENT='PDF relation pages for phpMyAdmin';

-- --------------------------------------------------------

--
-- Table structure for table `pma__recent`
--

CREATE TABLE `pma__recent` (
  `username` varchar(64) COLLATE utf8_bin NOT NULL,
  `tables` text COLLATE utf8_bin NOT NULL
) ENGINE=InnoDB DEFAULT CHARSET=utf8 COLLATE=utf8_bin COMMENT='Recently accessed tables';

--
-- Dumping data for table `pma__recent`
--

INSERT INTO `pma__recent` (`username`, `tables`) VALUES
('root', '[{\"db\":\"phpmotors\",\"table\":\"carclassification\"},{\"db\":\"phpmotors\",\"table\":\"inventory\"},{\"db\":\"phpmotors\",\"table\":\"clients\"},{\"db\":\"phpmyadmin\",\"table\":\"pma__users\"}]');

-- --------------------------------------------------------

--
-- Table structure for table `pma__relation`
--

CREATE TABLE `pma__relation` (
  `master_db` varchar(64) COLLATE utf8_bin NOT NULL DEFAULT '',
  `master_table` varchar(64) COLLATE utf8_bin NOT NULL DEFAULT '',
  `master_field` varchar(64) COLLATE utf8_bin NOT NULL DEFAULT '',
  `foreign_db` varchar(64) COLLATE utf8_bin NOT NULL DEFAULT '',
  `foreign_table` varchar(64) COLLATE utf8_bin NOT NULL DEFAULT '',
  `foreign_field` varchar(64) COLLATE utf8_bin NOT NULL DEFAULT ''
) ENGINE=InnoDB DEFAULT CHARSET=utf8 COLLATE=utf8_bin COMMENT='Relation table';

-- --------------------------------------------------------

--
-- Table structure for table `pma__savedsearches`
--

CREATE TABLE `pma__savedsearches` (
  `id` int(5) UNSIGNED NOT NULL,
  `username` varchar(64) COLLATE utf8_bin NOT NULL DEFAULT '',
  `db_name` varchar(64) COLLATE utf8_bin NOT NULL DEFAULT '',
  `search_name` varchar(64) COLLATE utf8_bin NOT NULL DEFAULT '',
  `search_data` text COLLATE utf8_bin NOT NULL
) ENGINE=InnoDB DEFAULT CHARSET=utf8 COLLATE=utf8_bin COMMENT='Saved searches';

-- --------------------------------------------------------

--
-- Table structure for table `pma__table_coords`
--

CREATE TABLE `pma__table_coords` (
  `db_name` varchar(64) COLLATE utf8_bin NOT NULL DEFAULT '',
  `table_name` varchar(64) COLLATE utf8_bin NOT NULL DEFAULT '',
  `pdf_page_number` int(11) NOT NULL DEFAULT 0,
  `x` float UNSIGNED NOT NULL DEFAULT 0,
  `y` float UNSIGNED NOT NULL DEFAULT 0
) ENGINE=InnoDB DEFAULT CHARSET=utf8 COLLATE=utf8_bin COMMENT='Table coordinates for phpMyAdmin PDF output';

-- --------------------------------------------------------

--
-- Table structure for table `pma__table_info`
--

CREATE TABLE `pma__table_info` (
  `db_name` varchar(64) COLLATE utf8_bin NOT NULL DEFAULT '',
  `table_name` varchar(64) COLLATE utf8_bin NOT NULL DEFAULT '',
  `display_field` varchar(64) COLLATE utf8_bin NOT NULL DEFAULT ''
) ENGINE=InnoDB DEFAULT CHARSET=utf8 COLLATE=utf8_bin COMMENT='Table information for phpMyAdmin';

-- --------------------------------------------------------

--
-- Table structure for table `pma__table_uiprefs`
--

CREATE TABLE `pma__table_uiprefs` (
  `username` varchar(64) COLLATE utf8_bin NOT NULL,
  `db_name` varchar(64) COLLATE utf8_bin NOT NULL,
  `table_name` varchar(64) COLLATE utf8_bin NOT NULL,
  `prefs` text COLLATE utf8_bin NOT NULL,
  `last_update` timestamp NOT NULL DEFAULT current_timestamp() ON UPDATE current_timestamp()
) ENGINE=InnoDB DEFAULT CHARSET=utf8 COLLATE=utf8_bin COMMENT='Tables'' UI preferences';

-- --------------------------------------------------------

--
-- Table structure for table `pma__tracking`
--

CREATE TABLE `pma__tracking` (
  `db_name` varchar(64) COLLATE utf8_bin NOT NULL,
  `table_name` varchar(64) COLLATE utf8_bin NOT NULL,
  `version` int(10) UNSIGNED NOT NULL,
  `date_created` datetime NOT NULL,
  `date_updated` datetime NOT NULL,
  `schema_snapshot` text COLLATE utf8_bin NOT NULL,
  `schema_sql` text COLLATE utf8_bin DEFAULT NULL,
  `data_sql` longtext COLLATE utf8_bin DEFAULT NULL,
  `tracking` set('UPDATE','REPLACE','INSERT','DELETE','TRUNCATE','CREATE DATABASE','ALTER DATABASE','DROP DATABASE','CREATE TABLE','ALTER TABLE','RENAME TABLE','DROP TABLE','CREATE INDEX','DROP INDEX','CREATE VIEW','ALTER VIEW','DROP VIEW') COLLATE utf8_bin DEFAULT NULL,
  `tracking_active` int(1) UNSIGNED NOT NULL DEFAULT 1
) ENGINE=InnoDB DEFAULT CHARSET=utf8 COLLATE=utf8_bin COMMENT='Database changes tracking for phpMyAdmin';

-- --------------------------------------------------------

--
-- Table structure for table `pma__userconfig`
--

CREATE TABLE `pma__userconfig` (
  `username` varchar(64) COLLATE utf8_bin NOT NULL,
  `timevalue` timestamp NOT NULL DEFAULT current_timestamp() ON UPDATE current_timestamp(),
  `config_data` text COLLATE utf8_bin NOT NULL
) ENGINE=InnoDB DEFAULT CHARSET=utf8 COLLATE=utf8_bin COMMENT='User preferences storage for phpMyAdmin';

--
-- Dumping data for table `pma__userconfig`
--

INSERT INTO `pma__userconfig` (`username`, `timevalue`, `config_data`) VALUES
('root', '2021-01-20 01:06:23', '{\"Console\\/Mode\":\"collapse\"}');

-- --------------------------------------------------------

--
-- Table structure for table `pma__usergroups`
--

CREATE TABLE `pma__usergroups` (
  `usergroup` varchar(64) COLLATE utf8_bin NOT NULL,
  `tab` varchar(64) COLLATE utf8_bin NOT NULL,
  `allowed` enum('Y','N') COLLATE utf8_bin NOT NULL DEFAULT 'N'
) ENGINE=InnoDB DEFAULT CHARSET=utf8 COLLATE=utf8_bin COMMENT='User groups with configured menu items';

-- --------------------------------------------------------

--
-- Table structure for table `pma__users`
--

CREATE TABLE `pma__users` (
  `username` varchar(64) COLLATE utf8_bin NOT NULL,
  `usergroup` varchar(64) COLLATE utf8_bin NOT NULL
) ENGINE=InnoDB DEFAULT CHARSET=utf8 COLLATE=utf8_bin COMMENT='Users and their assignments to user groups';

--
-- Indexes for dumped tables
--

--
-- Indexes for table `pma__bookmark`
--
ALTER TABLE `pma__bookmark`
  ADD PRIMARY KEY (`id`);

--
-- Indexes for table `pma__central_columns`
--
ALTER TABLE `pma__central_columns`
  ADD PRIMARY KEY (`db_name`,`col_name`);

--
-- Indexes for table `pma__column_info`
--
ALTER TABLE `pma__column_info`
  ADD PRIMARY KEY (`id`),
  ADD UNIQUE KEY `db_name` (`db_name`,`table_name`,`column_name`);

--
-- Indexes for table `pma__designer_settings`
--
ALTER TABLE `pma__designer_settings`
  ADD PRIMARY KEY (`username`);

--
-- Indexes for table `pma__export_templates`
--
ALTER TABLE `pma__export_templates`
  ADD PRIMARY KEY (`id`),
  ADD UNIQUE KEY `u_user_type_template` (`username`,`export_type`,`template_name`);

--
-- Indexes for table `pma__favorite`
--
ALTER TABLE `pma__favorite`
  ADD PRIMARY KEY (`username`);

--
-- Indexes for table `pma__history`
--
ALTER TABLE `pma__history`
  ADD PRIMARY KEY (`id`),
  ADD KEY `username` (`username`,`db`,`table`,`timevalue`);

--
-- Indexes for table `pma__navigationhiding`
--
ALTER TABLE `pma__navigationhiding`
  ADD PRIMARY KEY (`username`,`item_name`,`item_type`,`db_name`,`table_name`);

--
-- Indexes for table `pma__pdf_pages`
--
ALTER TABLE `pma__pdf_pages`
  ADD PRIMARY KEY (`page_nr`),
  ADD KEY `db_name` (`db_name`);

--
-- Indexes for table `pma__recent`
--
ALTER TABLE `pma__recent`
  ADD PRIMARY KEY (`username`);

--
-- Indexes for table `pma__relation`
--
ALTER TABLE `pma__relation`
  ADD PRIMARY KEY (`master_db`,`master_table`,`master_field`),
  ADD KEY `foreign_field` (`foreign_db`,`foreign_table`);

--
-- Indexes for table `pma__savedsearches`
--
ALTER TABLE `pma__savedsearches`
  ADD PRIMARY KEY (`id`),
  ADD UNIQUE KEY `u_savedsearches_username_dbname` (`username`,`db_name`,`search_name`);

--
-- Indexes for table `pma__table_coords`
--
ALTER TABLE `pma__table_coords`
  ADD PRIMARY KEY (`db_name`,`table_name`,`pdf_page_number`);

--
-- Indexes for table `pma__table_info`
--
ALTER TABLE `pma__table_info`
  ADD PRIMARY KEY (`db_name`,`table_name`);

--
-- Indexes for table `pma__table_uiprefs`
--
ALTER TABLE `pma__table_uiprefs`
  ADD PRIMARY KEY (`username`,`db_name`,`table_name`);

--
-- Indexes for table `pma__tracking`
--
ALTER TABLE `pma__tracking`
  ADD PRIMARY KEY (`db_name`,`table_name`,`version`);

--
-- Indexes for table `pma__userconfig`
--
ALTER TABLE `pma__userconfig`
  ADD PRIMARY KEY (`username`);

--
-- Indexes for table `pma__usergroups`
--
ALTER TABLE `pma__usergroups`
  ADD PRIMARY KEY (`usergroup`,`tab`,`allowed`);

--
-- Indexes for table `pma__users`
--
ALTER TABLE `pma__users`
  ADD PRIMARY KEY (`username`,`usergroup`);

--
-- AUTO_INCREMENT for dumped tables
--

--
-- AUTO_INCREMENT for table `pma__bookmark`
--
ALTER TABLE `pma__bookmark`
  MODIFY `id` int(10) UNSIGNED NOT NULL AUTO_INCREMENT;

--
-- AUTO_INCREMENT for table `pma__column_info`
--
ALTER TABLE `pma__column_info`
  MODIFY `id` int(5) UNSIGNED NOT NULL AUTO_INCREMENT;

--
-- AUTO_INCREMENT for table `pma__export_templates`
--
ALTER TABLE `pma__export_templates`
  MODIFY `id` int(5) UNSIGNED NOT NULL AUTO_INCREMENT;

--
-- AUTO_INCREMENT for table `pma__history`
--
ALTER TABLE `pma__history`
  MODIFY `id` bigint(20) UNSIGNED NOT NULL AUTO_INCREMENT;

--
-- AUTO_INCREMENT for table `pma__pdf_pages`
--
ALTER TABLE `pma__pdf_pages`
  MODIFY `page_nr` int(10) UNSIGNED NOT NULL AUTO_INCREMENT;

--
-- AUTO_INCREMENT for table `pma__savedsearches`
--
ALTER TABLE `pma__savedsearches`
  MODIFY `id` int(5) UNSIGNED NOT NULL AUTO_INCREMENT;
--
-- Database: `test`
--
CREATE DATABASE IF NOT EXISTS `test` DEFAULT CHARACTER SET latin1 COLLATE latin1_swedish_ci;
USE `test`;
COMMIT;

/*!40101 SET CHARACTER_SET_CLIENT=@OLD_CHARACTER_SET_CLIENT */;
/*!40101 SET CHARACTER_SET_RESULTS=@OLD_CHARACTER_SET_RESULTS */;
/*!40101 SET COLLATION_CONNECTION=@OLD_COLLATION_CONNECTION */;
